<?xml version='1.0' encoding='UTF-8'?>

<!DOCTYPE project>

<configuration scan="true" debug="false">
	<appender name="FILE"
		class="ch.qos.logback.core.rolling.RollingFileAppender">
		<file>${catalina.base}/logs/waffle-filter.log</file>

		<rollingPolicy class="ch.qos.logback.core.rolling.FixedWindowRollingPolicy">
			<fileNamePattern>>${catalina.base}/logs/archive/waffle-filter.%i.log.zip
			</fileNamePattern>
			<minIndex>1</minIndex>
			<maxIndex>3</maxIndex>
		</rollingPolicy>

		<triggeringPolicy
			class="ch.qos.logback.core.rolling.SizeBasedTriggeringPolicy">
			<maxFileSize>5MB</maxFileSize>
		</triggeringPolicy>
		<encoder>
			<pattern>%-4relative [%thread] %-5level %logger{35} - %msg%n
			</pattern>
		</encoder>
	</appender>

	<root level="INFO">
		<appender-ref ref="FILE" />
	</root>
</configuration>