﻿<?xml version="1.0" encoding="utf-8"?>
<!--Packaged setup demo that embeds an MSI component.-->
<configurations lcid_type="UserExe" show_language_selector="False" language_selector_title="" language_selector_ok="OK" language_selector_cancel="Cancel" configuration_no_match_message="" ui_level="full" fileversion="1.0.0.0" productversion="1.0.0.0" log_enabled="True" log_file="#TEMPPATH\#GUID.log ">
  <schema version="2.1.528.0" generator="dotNetInstaller InstallerEditor" />
  <fileattributes>
    <fileattribute name="FileDescription" value="InstallCheckProduct setup sample" />
  </fileattributes>
  <!--Default install locale.-->
  <configuration dialog_caption="Simple Installer" dialog_message="In order to install this Simple application you must first install these components:" dialog_message_uninstall="" dialog_bitmap="#APPPATH\banner.bmp" skip_caption="Skip" install_caption="Install" uninstall_caption="Install" cancel_caption="Close" status_installed=" (Installed)" status_notinstalled="" failed_exec_command_continue="Failed to install %s." installation_completed="Simple application installed successfully !" uninstallation_completed="Simple application installed successfully !" installation_none="Simple is already installed!" uninstallation_none="APPLICATION_NAME is not installed!" installing_component_wait="Installing %s . Wait, this operation could take some time ..." uninstalling_component_wait="Installing %s . Wait, this operation could take some time ..." reboot_required="To continue the installation you must restart your computer. Restart now?" must_reboot_required="False" dialog_otherinfo_caption="www.codeplex.com/dotnetinstaller" dialog_otherinfo_link="http://www.codeplex.com/dotnetinstaller/" complete_command="" complete_command_silent="" complete_command_basic="" wait_for_complete_command="True" auto_close_if_installed="True" auto_close_on_error="False" reload_on_error="True" dialog_show_installed="True" dialog_show_uninstalled="True" dialog_show_required="True" cab_dialog_message="Extracting %s ..." cab_cancelled_message="Cancelled by user!" cab_dialog_caption="Setup.cab" cab_path="#TEMPPATH\#GUID" cab_path_autodelete="True" dialog_default_button="cancel" dialog_position="" dialog_components_list_position="" dialog_message_position="" dialog_bitmap_position="" dialog_otherinfo_link_position="" dialog_osinfo_position="" dialog_install_button_position="" dialog_cancel_button_position="" dialog_skip_button_position="" auto_start="False" auto_continue_on_reboot="False" reboot_cmd="" show_progress_dialog="True" show_cab_dialog="True" disable_wow64_fs_redirection="False" administrator_required="False" administrator_required_message="APPLICATION_NAME installation requires administration rights." type="install" lcid_filter="" language_id="" language="" os_filter="" os_filter_min="" os_filter_max="" processor_architecture_filter="" supports_install="True" supports_uninstall="True">
    <component package="#CABPATH\Simple\Simple.msi" cmdparameters="" cmdparameters_silent="/qn" cmdparameters_basic="/qb" uninstall_package="" uninstall_cmdparameters="/qb-" uninstall_cmdparameters_silent="/qn" uninstall_cmdparameters_basic="/qb-" disable_wow64_fs_redirection="False" id="Simple.msi (ProductCode)" display_name="Simple.msi (ProductCode)" uninstall_display_name="" os_filter="" os_filter_min="" os_filter_max="" os_filter_lcid="" type="msi" installcompletemessage="" uninstallcompletemessage="" mustreboot="False" reboot_required="" must_reboot_required="False" failed_exec_command_continue="" allow_continue_on_error="False" default_continue_on_error="False" required_install="True" required_uninstall="True" selected_install="True" selected_uninstall="True" note="" processor_architecture_filter="" status_installed="" status_notinstalled="" supports_install="True" supports_uninstall="True" show_progress_dialog="True" show_cab_dialog="True">
      <installedcheck id="89dd6045-a45b-4ed4-9c06-e93316d52a1d" id_type="productcode" propertyname="ProductName" propertyvalue="Simple" comparison="match" defaultvalue="False" type="check_product" description="Installed Check" />
    </component>
    <component package="#CABPATH\Simple\Simple.msi" cmdparameters="" cmdparameters_silent="/qn" cmdparameters_basic="/qb" uninstall_package="" uninstall_cmdparameters="/qb-" uninstall_cmdparameters_silent="/qn" uninstall_cmdparameters_basic="/qb-" disable_wow64_fs_redirection="False" id="Simple.msi (UpgradeCode)" display_name="Simple.msi (UpgradeCode)" uninstall_display_name="" os_filter="" os_filter_min="" os_filter_max="" os_filter_lcid="" type="msi" installcompletemessage="" uninstallcompletemessage="" mustreboot="False" reboot_required="" must_reboot_required="False" failed_exec_command_continue="" allow_continue_on_error="False" default_continue_on_error="False" required_install="True" required_uninstall="True" selected_install="True" selected_uninstall="True" note="" processor_architecture_filter="" status_installed="" status_notinstalled="" supports_install="True" supports_uninstall="True" show_progress_dialog="True" show_cab_dialog="True">
      <installedcheck id="76a0e818-47cf-43de-92db-8cef2b477dd4" id_type="upgradecode" propertyname="VersionString" propertyvalue="1.0.0.0" comparison="match" defaultvalue="False" type="check_product" description="Installed Check" />
    </component>
  </configuration>
</configurations>