﻿<?xml version="1.0" encoding="utf-8"?>
<!--Packaged setup demo that adds custom input GUI.-->
<configurations lcid_type="UserExe" show_language_selector="False" language_selector_title="" language_selector_ok="OK" language_selector_cancel="Cancel" configuration_no_match_message="" ui_level="full" fileversion="1.0.0.1" productversion="1.0.0.0" log_enabled="True" log_file="#TEMPPATH\#GUID.log ">
  <schema version="2.1.528.0" generator="dotNetInstaller InstallerEditor" />
  <fileattributes>
    <fileattribute name="FileDescription" value="Custom input setup sample" />
  </fileattributes>
  <!--Default install locale.-->
  <configuration dialog_caption="Simple Installer" dialog_message="In order to install this application you must first install the following components:" dialog_message_uninstall="" dialog_bitmap="#APPPATH\banner.bmp" skip_caption="Skip" install_caption="Install" uninstall_caption="Install" cancel_caption="Close" status_installed=" (Installed)" status_notinstalled="" failed_exec_command_continue="Failed to install %s." installation_completed="Simple application installed successfully !" uninstallation_completed="Simple application installed successfully !" installation_none="Simple is already installed!" uninstallation_none="APPLICATION_NAME is not installed!" installing_component_wait="Installing %s . Wait, this operation could take some time ..." uninstalling_component_wait="Installing %s . Wait, this operation could take some time ..." reboot_required="To continue the installation you must restart your computer. Restart now?" must_reboot_required="False" dialog_otherinfo_caption="www.codeplex.com/dotnetinstaller" dialog_otherinfo_link="http://www.codeplex.com/dotnetinstaller/" complete_command="notepad &quot;#TEMPPATH\#GUID\Readme.txt&quot;" complete_command_silent="cmd.exe /C &quot;echo Finished! &gt; #TEMPPATH\#GUID.log.silent&quot;" complete_command_basic="" wait_for_complete_command="True" auto_close_if_installed="True" auto_close_on_error="False" reload_on_error="True" dialog_show_installed="True" dialog_show_uninstalled="True" dialog_show_required="True" cab_dialog_message="Extracting %s ..." cab_cancelled_message="Cancelled by user!" cab_dialog_caption="Setup.cab" cab_path="#TEMPPATH\#GUID" cab_path_autodelete="True" dialog_default_button="cancel" dialog_position="0,0,0,320" dialog_components_list_position="" dialog_message_position="" dialog_bitmap_position="0,0,0,250" dialog_otherinfo_link_position="" dialog_osinfo_position="0,270,0,0" dialog_install_button_position="0,250,0,0" dialog_cancel_button_position="0,250,0,0" dialog_skip_button_position="" auto_start="False" auto_continue_on_reboot="False" reboot_cmd="" show_progress_dialog="True" show_cab_dialog="True" disable_wow64_fs_redirection="False" administrator_required="False" administrator_required_message="APPLICATION_NAME installation requires administration rights." type="install" lcid_filter="" language_id="" language="" os_filter="" os_filter_min="" os_filter_max="" processor_architecture_filter="" supports_install="True" supports_uninstall="True">
    <component command="cmd.exe /C dir [USERDIR] &amp; exit /b [EXITCODE]" command_silent="" command_basic="" uninstall_command="" uninstall_command_silent="" uninstall_command_basic="" returncodes_success="" returncodes_reboot="" disable_wow64_fs_redirection="False" id="Custom Command" display_name="Custom Command" uninstall_display_name="" os_filter="" os_filter_min="" os_filter_max="" os_filter_lcid="" type="cmd" installcompletemessage="" uninstallcompletemessage="" mustreboot="False" reboot_required="" must_reboot_required="False" failed_exec_command_continue="" allow_continue_on_error="False" default_continue_on_error="False" required_install="True" required_uninstall="True" selected_install="True" selected_uninstall="True" note="" processor_architecture_filter="" status_installed="" status_notinstalled="" supports_install="True" supports_uninstall="False" show_progress_dialog="True" show_cab_dialog="True" />
    <control type="label" position="130,200,100,25" enabled="True" display_install="True" display_uninstall="True" check="enabled" has_value_disabled="False" text="Always enabled:" font_name="MS Shell Dlg" font_size="9" />
    <control type="label" position="130,225,100,25" enabled="True" display_install="True" display_uninstall="True" check="enabled" has_value_disabled="False" text="Always disabled:" font_name="MS Shell Dlg" font_size="9" />
    <control type="checkbox" position="130,240,150,25" enabled="True" display_install="True" display_uninstall="True" check="enabled" has_value_disabled="False" text="Check to succeed" font_name="MS Shell Dlg" font_size="9" checked="True" checked_value="0" unchecked_value="10" id="EXITCODE" />
    <control type="browse" position="215,220,225,20" enabled="True" display_install="True" display_uninstall="True" check="enabled" has_value_disabled="False" text="%WINDIR%" font_name="MS Shell Dlg" font_size="9" id="USERDIR" hide_readonly="False" must_exist="False" folders_only="True" button_text="" allow_edit="True" filter="All Files (*.*)|*.*">
      <installedcheck path="SOFTWARE\KeyDoesntExist" fieldname="Installed" fieldvalue="1" defaultvalue="False" fieldtype="REG_DWORD" comparison="exists" rootkey="HKEY_LOCAL_MACHINE" wowoption="NONE" type="check_registry_value" description="Installed Check" />
    </control>
    <control type="browse" position="215,197,225,20" enabled="True" display_install="True" display_uninstall="True" check="enabled" has_value_disabled="False" text="%ProgramFiles%" font_name="MS Shell Dlg" font_size="9" id="USERDIR" hide_readonly="False" must_exist="False" folders_only="True" button_text="" allow_edit="True" filter="All Files (*.*)|*.*" />
    <control type="hyperlink" position="130,260,225,20" enabled="True" display_install="True" display_uninstall="True" check="enabled" has_value_disabled="False" text="dotNetInstaller Website" font_name="MS Shell Dlg" font_size="9" uri="http://dotnetinstaller.codeplex.com" />
  </configuration>
</configurations>