﻿<?xml version="1.0" encoding="utf-8"?>
<configurations lcid_type="UserExe" show_language_selector="False" language_selector_title="" language_selector_ok="OK" language_selector_cancel="Cancel" configuration_no_match_message="" ui_level="full" fileversion="" productversion="" log_enabled="False" log_file="#TEMPPATH\dotNetInstallerLog.txt">
  <schema version="2.3.16.0" generator="dotNetInstaller InstallerEditor" />
  <configuration dialog_caption="APPLICATION_NAME Installer" dialog_message="In order to install APPLICATION_NAME you must first install these components:" dialog_message_uninstall="" dialog_bitmap="#APPPATH\banner.bmp" skip_caption="Skip" install_caption="Install" uninstall_caption="Uninstall" cancel_caption="Close" status_installed=" (Installed)" status_notinstalled="" failed_exec_command_continue="Failed to install %s. Continue with other components?" installation_completed="APPLICATION_NAME installed successfully!" uninstallation_completed="APPLICATION_NAME uninstalled successfully!" installation_none="APPLICATION_NAME is already installed!" uninstallation_none="APPLICATION_NAME is not installed!" installing_component_wait="Installing %s. Wait, this operation could take some time ..." uninstalling_component_wait="Uninstalling %s. Wait, this operation could take some time ..." reboot_required="To continue the installation you must restart your computer. Restart now?" must_reboot_required="False" dialog_otherinfo_caption="" dialog_otherinfo_link="" complete_command="" complete_command_silent="" complete_command_basic="" wait_for_complete_command="True" prompt_for_optional_components="True" auto_close_if_installed="True" auto_close_on_error="False" reload_on_error="True" dialog_show_installed="True" dialog_show_uninstalled="True" dialog_show_required="True" cab_dialog_message="%s" cab_cancelled_message="" cab_dialog_caption="" cab_path="#TEMPPATH\#GUID" cab_path_autodelete="True" dialog_default_button="cancel" dialog_position="" dialog_components_list_position="" dialog_message_position="" dialog_bitmap_position="" dialog_otherinfo_link_position="" dialog_osinfo_position="" dialog_install_button_position="" dialog_cancel_button_position="" dialog_skip_button_position="" auto_start="False" auto_continue_on_reboot="False" reboot_cmd="" show_progress_dialog="True" show_cab_dialog="True" disable_wow64_fs_redirection="False" administrator_required="False" administrator_required_message="APPLICATION_NAME installation requires administration rights." type="install" lcid_filter="" language_id="" language="" os_filter="" os_filter_min="" os_filter_max="" processor_architecture_filter="" supports_install="True" supports_uninstall="True">
    <component command="cmd.exe /C echo &quot;Hello World&quot;" command_silent="" command_basic="" uninstall_command="" uninstall_command_silent="" uninstall_command_basic="" returncodes_success="" returncodes_reboot="" hide_window="False" disable_wow64_fs_redirection="False" execution_method="CreateProcess" id="dummy-required" display_name="Required Component" uninstall_display_name="" os_filter="" os_filter_min="" os_filter_max="" os_filter_lcid="" type="cmd" installcompletemessage="" uninstallcompletemessage="" mustreboot="False" reboot_required="" must_reboot_required="False" failed_exec_command_continue="" allow_continue_on_error="True" default_continue_on_error="False" required_install="True" required_uninstall="True" selected_install="True" selected_uninstall="True" note="" processor_architecture_filter="" status_installed="" status_notinstalled="" supports_install="True" supports_uninstall="False" show_progress_dialog="True" show_cab_dialog="True">
      <installedcheck path="SOFTWARE\Microsoft" fieldname="" fieldvalue="1" defaultvalue="False" fieldtype="REG_DWORD" comparison="exists" rootkey="HKEY_LOCAL_MACHINE" wowoption="NONE" type="check_registry_value" description="Installed Check" />
    </component>
    <component command="cmd.exe /C &quot;#APPPATH\mysetup.exe&quot;" command_silent="" command_basic="" uninstall_command="" uninstall_command_silent="" uninstall_command_basic="" returncodes_success="" returncodes_reboot="" hide_window="False" disable_wow64_fs_redirection="False" execution_method="CreateProcess" id="dummy-optional" display_name="Optional Component" uninstall_display_name="" os_filter="" os_filter_min="" os_filter_max="" os_filter_lcid="" type="cmd" installcompletemessage="" uninstallcompletemessage="" mustreboot="False" reboot_required="" must_reboot_required="False" failed_exec_command_continue="" allow_continue_on_error="True" default_continue_on_error="False" required_install="False" required_uninstall="False" selected_install="True" selected_uninstall="True" note="" processor_architecture_filter="" status_installed="" status_notinstalled="" supports_install="True" supports_uninstall="False" show_progress_dialog="True" show_cab_dialog="True">
      <installedcheck path="SOFTWARE\DoesNotExist" fieldname="" fieldvalue="1" defaultvalue="False" fieldtype="REG_DWORD" comparison="exists" rootkey="HKEY_LOCAL_MACHINE" wowoption="NONE" type="check_registry_value" description="Installed Check" />
    </component>
  </configuration>
</configurations>