﻿<?xml version="1.0" encoding="utf-8"?>
<!--Packaged setup demo that embeds an MSI component.-->
<configurations lcid_type="UserExe" show_language_selector="False" language_selector_title="" language_selector_ok="OK" language_selector_cancel="Cancel" configuration_no_match_message="" ui_level="full" fileversion="1.0.0.1" productversion="1.0.0.0" log_enabled="True" log_file="#TEMPPATH\#GUID.log ">
  <schema version="2.1.528.0" generator="dotNetInstaller InstallerEditor" />
  <fileattributes>
    <fileattribute name="FileDescription" value="Standalone setup sample" />
    <fileattribute name="CompanyName" value="DevAge, Vestris Inc. &amp; Contrbutors (Thank You)" />
    <fileattribute name="LegalCopyright" value="(c) DevAge, Vestris Inc., &amp; Contributors" />
    <fileattribute name="Comments" value="Standalone setup sample built by dotNetInstaller." />
  </fileattributes>
  <!--Default install locale.-->
  <configuration dialog_caption="Exe Installer" dialog_message="In order to install this application you must first install these components:" dialog_message_uninstall="Click Uninstall to uninstall the applcation." dialog_bitmap="" skip_caption="Skip" install_caption="Install" uninstall_caption="Uninstall" cancel_caption="Close" status_installed=" (Installed)" status_notinstalled="" failed_exec_command_continue="Failed to install %s." installation_completed="Application installed successfully !" uninstallation_completed="Application installed successfully !" installation_none="Application is already installed!" uninstallation_none="Application is not installed!" installing_component_wait="Installing %s . Wait, this operation could take some time ..." uninstalling_component_wait="Installing %s . Wait, this operation could take some time ..." reboot_required="To continue the installation you must restart your computer. Restart now?" must_reboot_required="False" dialog_otherinfo_caption="www.codeplex.com/dotnetinstaller" dialog_otherinfo_link="http://www.codeplex.com/dotnetinstaller/" complete_command="" complete_command_silent="" complete_command_basic="" wait_for_complete_command="True" auto_close_if_installed="True" auto_close_on_error="False" reload_on_error="True" dialog_show_installed="True" dialog_show_uninstalled="True" dialog_show_required="True" cab_dialog_message="Extracting %s ..." cab_cancelled_message="Cancelled by user!" cab_dialog_caption="Setup.cab" cab_path="#TEMPPATH\#GUID" cab_path_autodelete="True" dialog_default_button="cancel" dialog_position="0,0,0,320" dialog_components_list_position="" dialog_message_position="" dialog_bitmap_position="" dialog_otherinfo_link_position="" dialog_osinfo_position="" dialog_install_button_position="" dialog_cancel_button_position="" dialog_skip_button_position="" auto_start="False" auto_continue_on_reboot="False" reboot_cmd="" show_progress_dialog="True" show_cab_dialog="True" disable_wow64_fs_redirection="False" administrator_required="False" administrator_required_message="APPLICATION_NAME installation requires administration rights." type="install" lcid_filter="" language_id="" language="" os_filter="" os_filter_min="" os_filter_max="" processor_architecture_filter="" supports_install="True" supports_uninstall="True">
    <component executable="setup.exe" executable_silent="" executable_basic="" install_directory="" responsefile_source="Setup.rsp.template" responsefile_target="Setup.rsp" responsefile_format="none" uninstall_executable="" uninstall_executable_silent="" uninstall_executable_basic="" uninstall_responsefile_source="" uninstall_responsefile_target="" returncodes_success="" returncodes_reboot="" exeparameters="" exeparameters_basic="" exeparameters_silent="" uninstall_exeparameters="" uninstall_exeparameters_basic="" uninstall_exeparameters_silent="" disable_wow64_fs_redirection="False" id="setup" display_name="setup.exe" uninstall_display_name="" os_filter="" os_filter_min="" os_filter_max="" os_filter_lcid="" type="exe" installcompletemessage="" uninstallcompletemessage="" mustreboot="False" reboot_required="" must_reboot_required="False" failed_exec_command_continue="" allow_continue_on_error="True" default_continue_on_error="False" required_install="False" required_uninstall="False" selected_install="True" selected_uninstall="True" note="" processor_architecture_filter="" status_installed="" status_notinstalled="" supports_install="True" supports_uninstall="False" show_progress_dialog="True" show_cab_dialog="True">
      <embedfile sourcefilepath="Setup.rsp" targetfilepath="Setup.rsp.template" />
    </component>
    <control type="browse" position="215,197,225,20" enabled="True" display_install="True" display_uninstall="True" check="enabled" has_value_disabled="False" text="%ProgramFiles%" font_name="MS Shell Dlg" font_size="9" id="USERDIR" hide_readonly="False" must_exist="False" folders_only="True" button_text="" allow_edit="True" filter="All Files (*.*)|*.*" />
  </configuration>
</configurations>