﻿<?xml version="1.0" encoding="utf-8"?>
<configurations lcid_type="UserExe" show_language_selector="False" language_selector_title="" language_selector_ok="OK" language_selector_cancel="Cancel" configuration_no_match_message="" ui_level="full" fileversion="1.0.0.0" productversion="1.0.0.0" log_enabled="True" log_file="#TEMPPATH\#GUID.log">
  <schema version="2.3.16.0" generator="dotNetInstaller InstallerEditor" />
  <fileattributes>
    <fileattribute name="FileDescription" value="InstallCheckOperators setup sample" />
  </fileattributes>
  <configuration dialog_caption="Simple Installer" dialog_message="In order to install this Simple application you must first install these components:" dialog_message_uninstall="" dialog_bitmap="#APPPATH\banner.bmp" skip_caption="Skip" install_caption="Install" uninstall_caption="Install" cancel_caption="Close" status_installed=" (Installed)" status_notinstalled="" failed_exec_command_continue="Failed to install %s. Continue with other components?" installation_completed="Simple application installed successfully !" uninstallation_completed="Simple application installed successfully !" installation_none="APPLICATION_NAME is already installed!" uninstallation_none="APPLICATION_NAME is not installed!" installing_component_wait="Installing %s . Wait, this operation could take some time ..." uninstalling_component_wait="Installing %s . Wait, this operation could take some time ..." reboot_required="To continue the installation you must restart your computer. Restart now?" must_reboot_required="False" dialog_otherinfo_caption="" dialog_otherinfo_link="" complete_command="notepad &quot;#TEMPPATH\#GUID\Readme.txt&quot;" complete_command_silent="cmd.exe /C &quot;echo Finished! &gt; #TEMPPATH\#GUID.log.silent&quot;" complete_command_basic="" wait_for_complete_command="True" prompt_for_optional_components="False" auto_close_if_installed="True" auto_close_on_error="False" reload_on_error="True" dialog_show_installed="True" dialog_show_uninstalled="True" dialog_show_required="True" cab_dialog_message="Extracting %s ..." cab_cancelled_message="Cancelled by user!" cab_dialog_caption="Please Wait" cab_path="#TEMPPATH\#GUID" cab_path_autodelete="True" dialog_default_button="cancel" dialog_position="" dialog_components_list_position="" dialog_message_position="" dialog_bitmap_position="" dialog_otherinfo_link_position="" dialog_osinfo_position="" dialog_install_button_position="" dialog_cancel_button_position="" dialog_skip_button_position="" auto_start="False" auto_continue_on_reboot="False" reboot_cmd="" show_progress_dialog="True" show_cab_dialog="True" disable_wow64_fs_redirection="False" administrator_required="False" administrator_required_message="APPLICATION_NAME installation requires administration rights." type="install" lcid_filter="" language_id="" language="" os_filter="" os_filter_min="" os_filter_max="" processor_architecture_filter="" supports_install="True" supports_uninstall="True">
    <component command="#APPPATH\Readme.txt" command_silent="" command_basic="" uninstall_command="" uninstall_command_silent="" uninstall_command_basic="" returncodes_success="" returncodes_reboot="" hide_window="False" disable_wow64_fs_redirection="False" execution_method="CreateProcess" id="Install if .NET Framework 1.1 IS NOT installed" display_name="Install if .NET Framework 1.1 IS NOT installed" uninstall_display_name="" os_filter="" os_filter_min="" os_filter_max="" os_filter_lcid="" type="cmd" installcompletemessage="" uninstallcompletemessage="" mustreboot="False" reboot_required="" must_reboot_required="False" failed_exec_command_continue="" allow_continue_on_error="False" default_continue_on_error="False" required_install="True" required_uninstall="True" selected_install="True" selected_uninstall="True" note="" processor_architecture_filter="" status_installed="" status_notinstalled="" supports_install="True" supports_uninstall="False" show_progress_dialog="True" show_cab_dialog="True">
      <installedcheckoperator type="And" description="Install if .NET 1.1 IS NOT installed">
        <installedcheck path="SOFTWARE\Microsoft\NET Framework Setup\NDP\v1.1.4322" fieldname="Install" fieldvalue="1" defaultvalue="False" fieldtype="REG_DWORD" comparison="match" rootkey="HKEY_LOCAL_MACHINE" wowoption="NONE" type="check_registry_value" description="Installed" />
      </installedcheckoperator>
    </component>
    <component command="#APPPATH\Readme.txt" command_silent="" command_basic="" uninstall_command="" uninstall_command_silent="" uninstall_command_basic="" returncodes_success="" returncodes_reboot="" hide_window="False" disable_wow64_fs_redirection="False" execution_method="CreateProcess" id="Install if .NET Framework SP1 or SP2 IS NOT installed" display_name="Install if .NET Framework SP1 or SP2 IS NOT installed" uninstall_display_name="" os_filter="" os_filter_min="" os_filter_max="" os_filter_lcid="" type="cmd" installcompletemessage="" uninstallcompletemessage="" mustreboot="False" reboot_required="" must_reboot_required="False" failed_exec_command_continue="" allow_continue_on_error="False" default_continue_on_error="False" required_install="True" required_uninstall="True" selected_install="True" selected_uninstall="True" note="" processor_architecture_filter="" status_installed="" status_notinstalled="" supports_install="True" supports_uninstall="False" show_progress_dialog="True" show_cab_dialog="True">
      <installedcheckoperator type="And" description="Install if .NET 1.1 SP1 IS NOT installed">
        <installedcheck path="SOFTWARE\Microsoft\NET Framework Setup\NDP\v1.1.4322" fieldname="Install" fieldvalue="1" defaultvalue="False" fieldtype="REG_DWORD" comparison="match" rootkey="HKEY_LOCAL_MACHINE" wowoption="NONE" type="check_registry_value" description="Installed" />
        <installedcheckoperator type="Or" description="SP1 or SP2">
          <installedcheck path="SOFTWARE\Microsoft\NET Framework Setup\NDP\v1.1.4322" fieldname="SP" fieldvalue="1" defaultvalue="False" fieldtype="REG_DWORD" comparison="match" rootkey="HKEY_LOCAL_MACHINE" wowoption="NONE" type="check_registry_value" description="SP1" />
          <installedcheck path="SOFTWARE\Microsoft\NET Framework Setup\NDP\v1.1.4322" fieldname="SP" fieldvalue="2" defaultvalue="False" fieldtype="REG_DWORD" comparison="match" rootkey="HKEY_LOCAL_MACHINE" wowoption="NONE" type="check_registry_value" description="SP2" />
        </installedcheckoperator>
      </installedcheckoperator>
    </component>
    <component command="#APPPATH\Readme.txt" command_silent="" command_basic="" uninstall_command="" uninstall_command_silent="" uninstall_command_basic="" returncodes_success="" returncodes_reboot="" hide_window="False" disable_wow64_fs_redirection="False" execution_method="CreateProcess" id="Install if .NET Framework 1.1 is installed" display_name="Install if .NET Framework 1.1 is installed" uninstall_display_name="" os_filter="" os_filter_min="" os_filter_max="" os_filter_lcid="" type="cmd" installcompletemessage="" uninstallcompletemessage="" mustreboot="False" reboot_required="" must_reboot_required="False" failed_exec_command_continue="" allow_continue_on_error="False" default_continue_on_error="False" required_install="True" required_uninstall="True" selected_install="True" selected_uninstall="True" note="" processor_architecture_filter="" status_installed="" status_notinstalled="" supports_install="True" supports_uninstall="False" show_progress_dialog="True" show_cab_dialog="True">
      <installedcheckoperator type="Not" description="Install if .NET 1.1 IS installed">
        <installedcheck path="SOFTWARE\Microsoft\NET Framework Setup\NDP\v1.1.4322" fieldname="Install" fieldvalue="1" defaultvalue="False" fieldtype="REG_DWORD" comparison="match" rootkey="HKEY_LOCAL_MACHINE" wowoption="NONE" type="check_registry_value" description="Installed" />
      </installedcheckoperator>
    </component>
    <component command="#APPPATH\Readme.txt" command_silent="" command_basic="" uninstall_command="" uninstall_command_silent="" uninstall_command_basic="" returncodes_success="" returncodes_reboot="" hide_window="False" disable_wow64_fs_redirection="False" execution_method="CreateProcess" id="Install if .NET Framework 1.1 is installed" display_name="Install if .NET Framework 1.1 is installed" uninstall_display_name="" os_filter="" os_filter_min="" os_filter_max="" os_filter_lcid="" type="cmd" installcompletemessage="" uninstallcompletemessage="" mustreboot="False" reboot_required="" must_reboot_required="False" failed_exec_command_continue="" allow_continue_on_error="False" default_continue_on_error="False" required_install="True" required_uninstall="True" selected_install="True" selected_uninstall="True" note="" processor_architecture_filter="" status_installed="" status_notinstalled="" supports_install="True" supports_uninstall="False" show_progress_dialog="True" show_cab_dialog="True">
      <installedcheckoperator type="Not" description="Install if .NET 1.1 IS installed (directory check)">
        <installedcheck path="#WINDOWSPATH\Microsoft.NET\Framework\v1.1.4322" type="check_directory" description="Installed" />
      </installedcheckoperator>
    </component>
    <embedfile sourcefilepath="#APPPATH\Readme.txt" targetfilepath="" />
  </configuration>
</configurations>