<?xml version="1.0" encoding="UTF-8" standalone="no"?>
<?xml-stylesheet type="text/xsl" href="manifest.xsl"?>

<licenses>
    <license filename="ant_1.7.1.txt" licenseType="Apache License 2.0" productName="Apache ANT" productVersion="1.7.1" url="http://ant.apache.org/"/>
    <license filename="svnkit_1.3.3.6648.txt" licenseType="TMate Open Source License" productName="Subversion Java Kit" productVersion="1.3.3.6648" url="http://svnkit.com/"/>
    <license filename="svnkit-jna.txt" parentProduct="Subversion Java Kit" productName="Java Native Access" productVersion="" url="http://jna.dev.java.org/"/>
    <license filename="svnkit-antlr.txt" parentProduct="Subversion Java Kit" productName="antlr" productVersion=""/>
    <license filename="svnkit-javahl.txt" parentProduct="Subversion Java Kit" productName="javahl" productVersion=""/>
    <license filename="svnkit-sequence.txt" parentProduct="Subversion Java Kit" productName="sequence" productVersion=""/>
    <license filename="svnkit-sqljet.txt" parentProduct="Subversion Java Kit" productName="sqljet" productVersion=""/>
    <license filename="svnkit-trilead.txt" parentProduct="Subversion Java Kit" productName="trilead" productVersion=""/>
</licenses>
